Ref,Val,Package,PosX,PosY,Rot,Side
"C8","0.1uF","C_0805_2012Metric",411.954000,-28.016000,0.000000,top
"C9","0.1uF","C_0805_2012Metric",391.954000,-28.016000,0.000000,top
"C10","0.1uF","C_0805_2012Metric",433.854000,-28.016000,0.000000,top
"LED1","WS2812B","LED_WS2812B_PLCC4_5.0x5.0mm_P3.2mm",384.904000,-28.016000,0.000000,top
"LED2","WS2812B","LED_WS2812B_PLCC4_5.0x5.0mm_P3.2mm",404.904000,-28.016000,0.000000,top
"LED3","WS2812B","LED_WS2812B_PLCC4_5.0x5.0mm_P3.2mm",424.904000,-28.016000,0.000000,top
