Ref,Val,Package,PosX,PosY,Rot,Side
"LED1","WS2812B","LED_WS2812B_PLCC4_5.0x5.0mm_P3.2mm",384.904000,-28.016000,0.000000,top
"LED2","WS2812B","LED_WS2812B_PLCC4_5.0x5.0mm_P3.2mm",404.904000,-28.016000,0.000000,top
"LED3","WS2812B","LED_WS2812B_PLCC4_5.0x5.0mm_P3.2mm",424.904000,-28.016000,0.000000,top
