Designator,Mid X,Mid Y,Rotation,Layer
"LED1",384.904000,-28.016000,0.000000,top
"LED2",404.904000,-28.016000,0.000000,top
"LED3",424.904000,-28.016000,0.000000,top
